{"square_1": [[76.72239202854435, 76.01554104363242], [111.46827968580898, 207.25351004992726], [245.56300677675193, 164.2737671162659], [243.4529315898945, 39.32295012370844]], "square_2": [[300.97291994301276, 44.74150300129145], [302.04115671925734, 167.24723545090973], [424.60569280979445, 228.37883418359797], [451.4197686265559, 96.01625956085331]], "square_3": [[247.7599659048634, 196.21537305163096], [174.54320179332387, 301.6149805902919], [346.19178250135286, 360.42586183754395], [391.7123040533686, 232.54490635198948]]}